Class,Precision,Recall,F1-score
plane,0.8310546875,0.851,0.8409090909090909
car,0.8978174603174603,0.905,0.901394422310757
bird,0.7505091649694501,0.737,0.7436932391523713
cat,0.6357142857142857,0.623,0.6292929292929293
deer,0.8165322580645161,0.81,0.8132530120481928
dog,0.6970873786407767,0.718,0.7073891625615764
frog,0.8572844400396432,0.865,0.86112493777999
horse,0.8583078491335372,0.842,0.8500757193336699
ship,0.8821782178217822,0.891,0.8865671641791045
truck,0.8821138211382114,0.868,0.875
