Class,Precision,Recall,F1-score
plane,0.8021442495126706,0.823,0.8124383020730503
car,0.886,0.886,0.886
bird,0.7059436913451512,0.677,0.6911689637570189
cat,0.6028084252758275,0.601,0.6019028542814221
deer,0.7709611451942741,0.754,0.7623862487360971
dog,0.6597353497164461,0.698,0.6783284742468416
frog,0.8273092369477911,0.824,0.8256513026052105
horse,0.833852544132918,0.803,0.8181355068772287
ship,0.8795656465942744,0.891,0.8852459016393442
truck,0.8564356435643564,0.865,0.8606965174129353
