Class,Precision,Recall,F1-score
plane,0.9070227497527201,0.917,0.9119840875186475
car,0.9549098196392786,0.953,0.953953953953954
bird,0.8902564102564102,0.868,0.8789873417721519
cat,0.8333333333333334,0.78,0.8057851239669421
deer,0.8824091778202677,0.923,0.9022482893450635
dog,0.8607723577235772,0.847,0.8538306451612904
frog,0.9140625,0.936,0.924901185770751
horse,0.9278557114228457,0.926,0.9269269269269269
ship,0.9375,0.945,0.9412350597609562
truck,0.9313725490196079,0.95,0.9405940594059405
