Class,Precision,Recall,F1-score
plane,0.8798882681564246,0.945,0.9112825458052073
car,0.9465346534653465,0.956,0.9512437810945273
bird,0.9119226638023631,0.849,0.8793371310201968
cat,0.8552631578947368,0.78,0.8158995815899581
deer,0.9029322548028311,0.893,0.897938662644545
dog,0.8319006685768864,0.871,0.8510014655593552
frog,0.9066666666666666,0.952,0.9287804878048781
horse,0.9184466019417475,0.946,0.9320197044334976
ship,0.949,0.949,0.949
truck,0.9592476489028213,0.918,0.9381706693919264
