Class,Precision,Recall,F1-score
cat,0.9909274193548387,0.983,0.9869477911646586
dog,0.9831349206349206,0.991,0.9870517928286853
