Class,Precision,Recall,F1-score
plane,0.870722433460076,0.916,0.8927875243664717
car,0.934,0.934,0.934
bird,0.882803943044907,0.806,0.8426555148980659
cat,0.748062015503876,0.772,0.7598425196850394
deer,0.7805907172995781,0.925,0.8466819221967964
dog,0.9017199017199017,0.734,0.8092613009922822
frog,0.9004878048780488,0.923,0.9116049382716049
horse,0.9260042283298098,0.876,0.9003083247687564
ship,0.9428571428571428,0.924,0.9333333333333333
truck,0.899335232668566,0.947,0.922552362396493
